-- phpMyAdmin SQL Dump
-- version 5.2.0
-- https://www.phpmyadmin.net/
--
-- Servidor: 127.0.0.1:3306
-- Tiempo de generación: 03-01-2024 a las 00:58:46
-- Versión del servidor: 8.0.31
-- Versión de PHP: 7.4.33

SET SQL_MODE = "NO_AUTO_VALUE_ON_ZERO";
START TRANSACTION;
SET time_zone = "+00:00";


/*!40101 SET @OLD_CHARACTER_SET_CLIENT=@@CHARACTER_SET_CLIENT */;
/*!40101 SET @OLD_CHARACTER_SET_RESULTS=@@CHARACTER_SET_RESULTS */;
/*!40101 SET @OLD_COLLATION_CONNECTION=@@COLLATION_CONNECTION */;
/*!40101 SET NAMES utf8mb4 */;

--
-- Base de datos: `vincoli`
--

-- --------------------------------------------------------

--
-- Estructura de tabla para la tabla `asignatura`
--

DROP TABLE IF EXISTS `asignatura`;
CREATE TABLE IF NOT EXISTS `asignatura` (
  `id` int NOT NULL AUTO_INCREMENT,
  `glosa` varchar(125) CHARACTER SET utf8mb3 COLLATE utf8mb3_bin NOT NULL,
  PRIMARY KEY (`id`),
  UNIQUE KEY `glosa` (`glosa`)
) ENGINE=InnoDB AUTO_INCREMENT=109 DEFAULT CHARSET=utf8mb3 COLLATE=utf8mb3_bin;

--
-- Volcado de datos para la tabla `asignatura`
--

INSERT INTO `asignatura` (`id`, `glosa`) VALUES
(99, 'Artes Visuales'),
(98, 'Artistica y folclor Colombiano '),
(105, 'Biología'),
(93, 'Ciencias Naturales'),
(88, 'Ciencias Sociales'),
(106, 'Consejo de Curso'),
(92, 'Educación Física'),
(96, 'Etica y valores '),
(102, 'Física'),
(101, 'Historia'),
(104, 'Hábitos de estudio'),
(81, 'Inglés'),
(79, 'Lenguaje'),
(94, 'Matematicas'),
(100, 'Música'),
(107, 'Orientación'),
(108, 'Química'),
(95, 'Religión'),
(103, 'Taller Deportivo'),
(97, 'Tecnología');

-- --------------------------------------------------------

--
-- Estructura de tabla para la tabla `bloque`
--

DROP TABLE IF EXISTS `bloque`;
CREATE TABLE IF NOT EXISTS `bloque` (
  `id` int NOT NULL AUTO_INCREMENT,
  `rango` varchar(125) CHARACTER SET utf8mb3 COLLATE utf8mb3_bin NOT NULL,
  `comentario` text CHARACTER SET utf8mb3 COLLATE utf8mb3_bin,
  `id_tipo_bloque` int NOT NULL DEFAULT '1',
  PRIMARY KEY (`id`),
  KEY `fk_bloque_tipo_bloque1_idx` (`id_tipo_bloque`)
) ENGINE=InnoDB AUTO_INCREMENT=10 DEFAULT CHARSET=utf8mb3 COLLATE=utf8mb3_bin;

--
-- Volcado de datos para la tabla `bloque`
--

INSERT INTO `bloque` (`id`, `rango`, `comentario`, `id_tipo_bloque`) VALUES
(1, '08:15-09:00', '', 1),
(2, '09:00-09:45', NULL, 1),
(3, '09:55-10:40', NULL, 1),
(4, '10:40-11:25', NULL, 1),
(5, '11:35-12:20', NULL, 1),
(6, '12:20-13:05', NULL, 1),
(7, '14:00-14:45', NULL, 1),
(8, '14:45-15:30', NULL, 1),
(9, '15:35-16:20', NULL, 1);

-- --------------------------------------------------------

--
-- Estructura de tabla para la tabla `curso`
--

DROP TABLE IF EXISTS `curso`;
CREATE TABLE IF NOT EXISTS `curso` (
  `id` int NOT NULL AUTO_INCREMENT,
  `glosa` varchar(125) CHARACTER SET utf8mb3 COLLATE utf8mb3_bin NOT NULL,
  `comentario` text CHARACTER SET utf8mb3 COLLATE utf8mb3_bin,
  `id_profesor` int DEFAULT NULL,
  `id_nivel` int DEFAULT NULL,
  PRIMARY KEY (`id`),
  KEY `fk_curso_profesor1_idx` (`id_profesor`),
  KEY `curso_ibfk_2` (`id_nivel`)
) ENGINE=InnoDB AUTO_INCREMENT=60 DEFAULT CHARSET=utf8mb3 COLLATE=utf8mb3_bin;

--
-- Volcado de datos para la tabla `curso`
--

INSERT INTO `curso` (`id`, `glosa`, `comentario`, `id_profesor`, `id_nivel`) VALUES
(53, 'PRIMERO', '', 96, NULL),
(54, 'SEGUNDO', '', 97, NULL),
(55, 'TERCERO', '', 98, NULL),
(57, 'QUINTO', '', 99, NULL),
(59, '1° Año medio A', '', NULL, NULL);

-- --------------------------------------------------------

--
-- Estructura de tabla para la tabla `dia`
--

DROP TABLE IF EXISTS `dia`;
CREATE TABLE IF NOT EXISTS `dia` (
  `id` int NOT NULL AUTO_INCREMENT,
  `glosa` varchar(25) CHARACTER SET utf8mb3 COLLATE utf8mb3_bin NOT NULL,
  PRIMARY KEY (`id`)
) ENGINE=InnoDB AUTO_INCREMENT=6 DEFAULT CHARSET=utf8mb3 COLLATE=utf8mb3_bin;

--
-- Volcado de datos para la tabla `dia`
--

INSERT INTO `dia` (`id`, `glosa`) VALUES
(1, 'lunes'),
(2, 'martes'),
(3, 'miércoles'),
(4, 'jueves'),
(5, 'viernes');

-- --------------------------------------------------------

--
-- Estructura de tabla para la tabla `disponibilidad_bloques`
--

DROP TABLE IF EXISTS `disponibilidad_bloques`;
CREATE TABLE IF NOT EXISTS `disponibilidad_bloques` (
  `id` int NOT NULL AUTO_INCREMENT,
  `id_profesor` int NOT NULL,
  `id_dia` int NOT NULL,
  `id_bloque` int NOT NULL,
  PRIMARY KEY (`id`),
  KEY `fk_profesor_disponibilidad_profesor1_idx` (`id_profesor`),
  KEY `fk_profesor_disponibilidad_dia1_idx` (`id_dia`),
  KEY `fk_profesor_disponibilidad_bloque1_idx` (`id_bloque`)
) ENGINE=InnoDB AUTO_INCREMENT=9087 DEFAULT CHARSET=utf8mb3 COLLATE=utf8mb3_bin;

--
-- Volcado de datos para la tabla `disponibilidad_bloques`
--

INSERT INTO `disponibilidad_bloques` (`id`, `id_profesor`, `id_dia`, `id_bloque`) VALUES
(8485, 99, 1, 1),
(8486, 99, 1, 2),
(8487, 99, 1, 3),
(8488, 99, 1, 4),
(8489, 99, 1, 5),
(8490, 99, 2, 1),
(8491, 99, 2, 2),
(8492, 99, 2, 3),
(8493, 99, 2, 4),
(8494, 99, 2, 5),
(8495, 99, 2, 6),
(8496, 99, 3, 1),
(8497, 99, 3, 2),
(8498, 99, 3, 3),
(8499, 99, 3, 4),
(8500, 99, 3, 5),
(8501, 99, 3, 6),
(8502, 99, 4, 1),
(8503, 99, 4, 2),
(8504, 99, 4, 3),
(8505, 99, 4, 4),
(8506, 99, 4, 5),
(8507, 99, 4, 6),
(8508, 99, 5, 2),
(8509, 99, 5, 3),
(8510, 99, 5, 4),
(8511, 99, 5, 5),
(8512, 99, 5, 6),
(8513, 97, 1, 1),
(8514, 97, 1, 2),
(8515, 97, 1, 3),
(8516, 97, 1, 4),
(8517, 97, 1, 5),
(8518, 97, 2, 1),
(8519, 97, 2, 2),
(8520, 97, 2, 3),
(8521, 97, 2, 4),
(8522, 97, 2, 5),
(8523, 97, 2, 6),
(8524, 97, 3, 2),
(8525, 97, 3, 3),
(8526, 97, 3, 4),
(8527, 97, 3, 5),
(8528, 97, 3, 6),
(8529, 97, 4, 1),
(8530, 97, 4, 2),
(8531, 97, 4, 3),
(8532, 97, 4, 4),
(8533, 97, 4, 5),
(8534, 97, 4, 6),
(8535, 97, 5, 1),
(8536, 97, 5, 2),
(8537, 97, 5, 3),
(8538, 97, 5, 4),
(8539, 97, 5, 5),
(8555, 100, 1, 1),
(8556, 100, 1, 2),
(8557, 100, 1, 3),
(8558, 100, 1, 4),
(8559, 100, 1, 5),
(8560, 100, 1, 6),
(8561, 100, 2, 1),
(8562, 100, 2, 2),
(8563, 100, 2, 3),
(8564, 100, 2, 4),
(8565, 100, 2, 5),
(8566, 100, 2, 6),
(8567, 100, 3, 1),
(8568, 100, 3, 2),
(8569, 100, 3, 3),
(8570, 100, 3, 4),
(8571, 100, 3, 5),
(8572, 100, 4, 1),
(8573, 100, 4, 2),
(8574, 100, 4, 3),
(8575, 100, 4, 4),
(8576, 100, 4, 5),
(8577, 100, 4, 6),
(8578, 100, 5, 1),
(8579, 100, 5, 2),
(8580, 100, 5, 3),
(8581, 100, 5, 4),
(8582, 100, 5, 5),
(8583, 100, 5, 6),
(8613, 96, 1, 1),
(8614, 96, 1, 2),
(8615, 96, 1, 3),
(8616, 96, 1, 4),
(8617, 96, 1, 5),
(8618, 96, 1, 6),
(8619, 96, 2, 1),
(8620, 96, 2, 2),
(8621, 96, 2, 3),
(8622, 96, 2, 4),
(8623, 96, 2, 5),
(8624, 96, 2, 6),
(8625, 96, 3, 1),
(8626, 96, 3, 2),
(8627, 96, 3, 3),
(8628, 96, 3, 4),
(8629, 96, 3, 5),
(8630, 96, 4, 1),
(8631, 96, 4, 2),
(8632, 96, 4, 3),
(8633, 96, 4, 4),
(8634, 96, 4, 5),
(8635, 96, 4, 6),
(8636, 96, 5, 1),
(8637, 96, 5, 2),
(8638, 96, 5, 3),
(8639, 96, 5, 4),
(8640, 96, 5, 5),
(8641, 103, 1, 1),
(8642, 103, 1, 2),
(8643, 103, 1, 3),
(8644, 103, 1, 4),
(8645, 103, 1, 5),
(8646, 103, 1, 6),
(8647, 103, 1, 7),
(8648, 103, 1, 8),
(8649, 103, 1, 9),
(8650, 103, 2, 3),
(8651, 103, 2, 4),
(8652, 103, 2, 5),
(8653, 103, 2, 6),
(8654, 103, 2, 7),
(8655, 103, 2, 8),
(8656, 103, 2, 9),
(8657, 104, 2, 1),
(8658, 104, 2, 2),
(8659, 104, 2, 3),
(8660, 104, 2, 4),
(8661, 104, 2, 5),
(8662, 104, 2, 6),
(8663, 104, 2, 7),
(8664, 104, 2, 8),
(8665, 104, 2, 9),
(8738, 108, 2, 3),
(8739, 108, 2, 4),
(8740, 108, 2, 5),
(8741, 108, 2, 6),
(8742, 108, 2, 7),
(8743, 108, 2, 8),
(8744, 108, 2, 9),
(8745, 108, 3, 1),
(8746, 108, 3, 2),
(8747, 108, 3, 3),
(8748, 108, 3, 4),
(8749, 108, 3, 5),
(8750, 108, 3, 6),
(8765, 111, 1, 5),
(8766, 111, 1, 6),
(8767, 111, 1, 7),
(8768, 111, 1, 8),
(8769, 111, 1, 9),
(8814, 113, 3, 1),
(8815, 113, 3, 2),
(8816, 113, 3, 3),
(8817, 113, 3, 4),
(8818, 113, 3, 5),
(8819, 113, 3, 6),
(8820, 113, 3, 7),
(8821, 113, 3, 8),
(8822, 113, 3, 9),
(8840, 101, 1, 1),
(8841, 101, 1, 2),
(8842, 101, 1, 3),
(8843, 101, 1, 4),
(8844, 101, 1, 5),
(8845, 101, 2, 7),
(8846, 101, 2, 8),
(8847, 101, 2, 9),
(8848, 101, 3, 1),
(8849, 101, 3, 2),
(8850, 101, 3, 3),
(8851, 101, 3, 4),
(8852, 101, 3, 5),
(8853, 101, 3, 6),
(8854, 101, 5, 3),
(8855, 101, 5, 4),
(8856, 101, 5, 5),
(8857, 101, 5, 6),
(8891, 115, 1, 7),
(8892, 115, 1, 8),
(8893, 115, 1, 9),
(8894, 115, 2, 7),
(8895, 115, 2, 8),
(8896, 115, 2, 9),
(8897, 115, 3, 7),
(8898, 115, 3, 8),
(8899, 115, 3, 9),
(8900, 105, 1, 1),
(8901, 105, 1, 2),
(8902, 105, 1, 3),
(8903, 105, 1, 4),
(8904, 105, 1, 5),
(8905, 105, 1, 6),
(8906, 105, 2, 1),
(8907, 105, 2, 2),
(8908, 105, 2, 3),
(8909, 105, 2, 4),
(8910, 105, 2, 5),
(8911, 105, 2, 6),
(8912, 105, 4, 1),
(8913, 105, 4, 2),
(8914, 105, 4, 3),
(8915, 105, 4, 4),
(8916, 105, 4, 5),
(8917, 105, 4, 6),
(8950, 106, 5, 1),
(8951, 106, 5, 2),
(8952, 106, 5, 3),
(8953, 106, 5, 4),
(8954, 106, 5, 5),
(8955, 106, 5, 6),
(8956, 107, 1, 3),
(8957, 107, 1, 4),
(8958, 107, 1, 5),
(8959, 107, 1, 6),
(8960, 110, 4, 1),
(8961, 110, 4, 2),
(8962, 110, 4, 3),
(8963, 110, 4, 4),
(8964, 110, 4, 5),
(8965, 110, 4, 6),
(8966, 110, 5, 3),
(8967, 110, 5, 4),
(8968, 110, 5, 5),
(8969, 110, 5, 6),
(8970, 98, 1, 1),
(8971, 98, 1, 2),
(8972, 98, 1, 3),
(8973, 98, 1, 4),
(8974, 98, 1, 5),
(8975, 98, 1, 6),
(8976, 98, 2, 1),
(8977, 98, 2, 2),
(8978, 98, 2, 3),
(8979, 98, 2, 4),
(8980, 98, 2, 5),
(8981, 98, 2, 6),
(8982, 98, 3, 1),
(8983, 98, 3, 2),
(8984, 98, 3, 3),
(8985, 98, 3, 4),
(8986, 98, 3, 5),
(8987, 98, 3, 6),
(8988, 98, 4, 1),
(8989, 98, 4, 2),
(8990, 98, 4, 3),
(8991, 98, 4, 4),
(8992, 98, 4, 5),
(8993, 98, 4, 6),
(8994, 98, 4, 7),
(8995, 98, 4, 8),
(8996, 98, 4, 9),
(8997, 98, 5, 1),
(8998, 98, 5, 2),
(8999, 98, 5, 3),
(9000, 98, 5, 4),
(9001, 98, 5, 5),
(9002, 98, 5, 6),
(9003, 114, 2, 5),
(9004, 114, 2, 6),
(9005, 114, 2, 7),
(9006, 114, 2, 8),
(9007, 114, 2, 9),
(9008, 114, 3, 1),
(9009, 114, 3, 2),
(9010, 114, 3, 3),
(9011, 114, 3, 4),
(9012, 114, 3, 5),
(9013, 114, 3, 6),
(9014, 114, 3, 7),
(9015, 114, 3, 8),
(9016, 114, 3, 9),
(9017, 102, 1, 1),
(9018, 102, 1, 2),
(9019, 102, 1, 3),
(9020, 102, 1, 4),
(9021, 102, 1, 5),
(9022, 102, 1, 6),
(9023, 102, 1, 7),
(9024, 102, 1, 8),
(9025, 102, 1, 9),
(9026, 102, 3, 1),
(9027, 102, 3, 2),
(9028, 102, 3, 3),
(9029, 102, 3, 4),
(9030, 102, 3, 5),
(9031, 102, 3, 6),
(9032, 102, 5, 5),
(9033, 102, 5, 6),
(9034, 102, 5, 7),
(9035, 102, 5, 8),
(9036, 102, 5, 9),
(9052, 109, 4, 4),
(9053, 109, 4, 5),
(9054, 109, 4, 6),
(9055, 109, 4, 7),
(9056, 109, 4, 8),
(9072, 112, 1, 7),
(9073, 112, 1, 8),
(9074, 112, 1, 9),
(9075, 112, 2, 7),
(9076, 112, 2, 8),
(9077, 112, 2, 9),
(9078, 112, 3, 7),
(9079, 112, 3, 8),
(9080, 112, 3, 9),
(9081, 112, 4, 7),
(9082, 112, 4, 8),
(9083, 112, 4, 9),
(9084, 112, 5, 7),
(9085, 112, 5, 8),
(9086, 112, 5, 9);

-- --------------------------------------------------------

--
-- Estructura de tabla para la tabla `horarios`
--

DROP TABLE IF EXISTS `horarios`;
CREATE TABLE IF NOT EXISTS `horarios` (
  `id` int NOT NULL AUTO_INCREMENT,
  `id_curso` int NOT NULL,
  `id_bloque` int NOT NULL,
  `id_dia` int NOT NULL,
  `id_asignatura` int NOT NULL,
  `id_profesor` int NOT NULL,
  `fijado_manualmente` enum('0','1') CHARACTER SET utf8mb3 COLLATE utf8mb3_bin NOT NULL DEFAULT '0',
  PRIMARY KEY (`id`),
  UNIQUE KEY `curso_unico` (`id_curso`,`id_bloque`,`id_dia`),
  UNIQUE KEY `horario_unico` (`id_curso`,`id_bloque`,`id_dia`,`id_asignatura`,`id_profesor`),
  KEY `fk_horario_curso1_idx` (`id_curso`),
  KEY `fk_horario_bloque1_idx` (`id_bloque`),
  KEY `fk_horario_dia1_idx` (`id_dia`),
  KEY `fk_horario_asignatura1_idx` (`id_asignatura`),
  KEY `fk_horario_profesor1_idx` (`id_profesor`)
) ENGINE=InnoDB AUTO_INCREMENT=9914 DEFAULT CHARSET=utf8mb3 COLLATE=utf8mb3_bin;

--
-- Volcado de datos para la tabla `horarios`
--

INSERT INTO `horarios` (`id`, `id_curso`, `id_bloque`, `id_dia`, `id_asignatura`, `id_profesor`, `fijado_manualmente`) VALUES
(4982, 58, 1, 2, 79, 104, '0'),
(4983, 58, 2, 2, 79, 104, '0'),
(4984, 58, 1, 1, 81, 103, '0'),
(4985, 58, 2, 1, 81, 103, '0'),
(4986, 58, 3, 2, 81, 103, '0'),
(4987, 58, 4, 2, 81, 103, '0'),
(9872, 59, 1, 1, 94, 105, '0'),
(9873, 59, 2, 1, 94, 105, '0'),
(9874, 59, 3, 1, 95, 101, '0'),
(9875, 59, 4, 1, 95, 101, '0'),
(9876, 59, 1, 3, 105, 113, '0'),
(9877, 59, 2, 3, 105, 113, '0'),
(9880, 59, 1, 5, 99, 106, '0'),
(9881, 59, 2, 5, 99, 106, '0'),
(9882, 59, 1, 2, 79, 98, '0'),
(9883, 59, 2, 2, 79, 98, '0'),
(9884, 59, 3, 3, 79, 98, '0'),
(9885, 59, 4, 3, 79, 98, '0'),
(9886, 59, 3, 2, 94, 105, '0'),
(9887, 59, 4, 2, 94, 105, '0'),
(9888, 59, 1, 4, 101, 110, '0'),
(9889, 59, 2, 4, 101, 110, '0'),
(9890, 59, 7, 1, 103, 111, '0'),
(9891, 59, 8, 1, 103, 111, '0'),
(9892, 59, 5, 2, 81, 114, '0'),
(9893, 59, 6, 2, 81, 114, '0'),
(9894, 59, 3, 5, 101, 110, '0'),
(9895, 59, 4, 5, 101, 110, '0'),
(9896, 59, 7, 2, 108, 112, '0'),
(9897, 59, 8, 2, 108, 112, '0'),
(9898, 59, 4, 4, 102, 109, '0'),
(9899, 59, 5, 4, 102, 109, '0'),
(9900, 59, 5, 3, 81, 114, '0'),
(9901, 59, 6, 3, 81, 114, '0'),
(9902, 59, 5, 5, 92, 102, '0'),
(9903, 59, 6, 5, 92, 102, '0'),
(9904, 59, 9, 1, 107, 115, '0'),
(9905, 59, 3, 4, 94, 105, '0'),
(9906, 59, 9, 2, 106, 115, '0'),
(9908, 59, 7, 4, 79, 98, '0'),
(9909, 59, 5, 1, 97, 102, '0'),
(9910, 59, 8, 4, 79, 98, '0'),
(9911, 59, 6, 1, 97, 102, '0'),
(9912, 59, 9, 4, 104, 98, '0'),
(9913, 59, 6, 4, 94, 105, '0');

-- --------------------------------------------------------

--
-- Estructura de tabla para la tabla `horario_curso`
--

DROP TABLE IF EXISTS `horario_curso`;
CREATE TABLE IF NOT EXISTS `horario_curso` (
  `id` int NOT NULL AUTO_INCREMENT,
  `id_curso` int NOT NULL,
  `id_dia` int NOT NULL,
  `id_bloque` int NOT NULL,
  PRIMARY KEY (`id`),
  KEY `fk_horario_curso_curso1_idx` (`id_curso`),
  KEY `fk_horario_curso_dia1_idx` (`id_dia`),
  KEY `fk_horario_curso_bloque1_idx` (`id_bloque`)
) ENGINE=InnoDB AUTO_INCREMENT=11494 DEFAULT CHARSET=utf8mb3 COLLATE=utf8mb3_bin;

--
-- Volcado de datos para la tabla `horario_curso`
--

INSERT INTO `horario_curso` (`id`, `id_curso`, `id_dia`, `id_bloque`) VALUES
(9706, 41, 1, 1),
(9707, 41, 1, 2),
(9708, 41, 1, 3),
(9709, 41, 1, 4),
(9710, 41, 1, 5),
(9711, 41, 1, 6),
(9712, 41, 1, 7),
(9713, 41, 1, 8),
(9714, 41, 2, 1),
(9715, 41, 2, 2),
(9716, 41, 2, 3),
(9717, 41, 2, 4),
(9718, 41, 2, 5),
(9719, 41, 2, 6),
(9720, 41, 2, 7),
(9721, 41, 2, 8),
(9722, 41, 3, 1),
(9723, 41, 3, 2),
(9724, 41, 3, 3),
(9725, 41, 3, 4),
(9726, 41, 3, 5),
(9727, 41, 3, 6),
(9728, 41, 3, 7),
(9729, 41, 3, 8),
(9730, 41, 4, 1),
(9731, 41, 4, 2),
(9732, 41, 4, 3),
(9733, 41, 4, 4),
(9734, 41, 4, 5),
(9735, 41, 4, 6),
(9736, 41, 4, 7),
(9737, 41, 4, 8),
(9738, 41, 5, 1),
(9739, 41, 5, 2),
(9740, 41, 5, 3),
(9741, 41, 5, 4),
(9742, 41, 5, 5),
(9743, 41, 5, 6),
(9744, 41, 5, 7),
(9745, 41, 5, 8),
(9765, 45, 4, 1),
(9766, 45, 4, 2),
(9767, 45, 4, 3),
(9768, 45, 4, 4),
(9769, 37, 1, 1),
(9770, 37, 1, 2),
(9771, 37, 1, 3),
(9772, 37, 1, 4),
(9773, 37, 1, 5),
(9774, 37, 1, 6),
(9775, 37, 1, 7),
(9776, 37, 1, 8),
(9777, 37, 2, 1),
(9778, 37, 2, 2),
(9779, 37, 2, 3),
(9780, 37, 2, 4),
(9781, 37, 2, 5),
(9782, 37, 2, 6),
(9783, 37, 2, 7),
(9784, 37, 2, 8),
(9785, 37, 3, 1),
(9786, 37, 3, 2),
(9787, 37, 3, 3),
(9788, 37, 3, 4),
(9789, 37, 3, 5),
(9790, 37, 3, 6),
(9791, 37, 3, 7),
(9792, 37, 3, 8),
(9793, 37, 4, 1),
(9794, 37, 4, 2),
(9795, 37, 4, 3),
(9796, 37, 4, 4),
(9797, 37, 4, 5),
(9798, 37, 4, 6),
(9799, 37, 4, 7),
(9800, 37, 4, 8),
(9801, 37, 5, 1),
(9802, 37, 5, 2),
(9803, 37, 5, 3),
(9804, 37, 5, 4),
(9805, 37, 5, 5),
(9806, 37, 5, 6),
(9807, 37, 5, 7),
(9808, 37, 5, 8),
(9821, 43, 2, 1),
(9822, 43, 2, 2),
(9823, 43, 2, 3),
(9824, 43, 2, 4),
(9825, 43, 2, 5),
(9826, 43, 2, 6),
(9827, 43, 4, 1),
(9828, 43, 4, 2),
(9829, 43, 4, 3),
(9830, 43, 4, 4),
(9831, 43, 4, 5),
(9832, 43, 4, 6),
(9833, 44, 2, 1),
(9834, 44, 2, 2),
(9835, 44, 2, 3),
(9836, 44, 2, 4),
(9837, 44, 2, 5),
(9838, 45, 2, 1),
(9839, 45, 2, 2),
(9840, 45, 2, 3),
(9841, 45, 2, 4),
(9842, 45, 2, 5),
(9843, 46, 5, 1),
(9844, 46, 5, 2),
(9845, 46, 5, 3),
(9846, 46, 5, 4),
(9847, 46, 5, 5),
(9848, 46, 5, 6),
(9849, 47, 1, 1),
(9850, 47, 1, 2),
(9851, 47, 1, 3),
(9852, 47, 1, 4),
(9853, 47, 1, 5),
(9854, 47, 1, 6),
(9855, 47, 1, 7),
(9856, 47, 1, 8),
(9857, 47, 1, 9),
(9858, 48, 2, 1),
(9859, 48, 2, 2),
(9860, 48, 2, 3),
(9861, 48, 2, 4),
(9862, 48, 2, 5),
(9863, 48, 2, 6),
(9864, 48, 4, 1),
(9865, 48, 4, 2),
(9866, 48, 4, 3),
(9867, 48, 4, 4),
(9868, 48, 4, 5),
(9869, 48, 4, 6),
(9870, 49, 1, 1),
(9871, 49, 1, 2),
(9872, 49, 1, 3),
(9873, 49, 1, 4),
(9874, 49, 2, 1),
(9875, 49, 2, 2),
(9876, 49, 2, 3),
(9877, 49, 2, 4),
(9878, 49, 3, 1),
(9879, 49, 3, 2),
(9880, 49, 3, 3),
(9881, 49, 3, 4),
(9882, 49, 4, 1),
(9883, 49, 4, 2),
(9884, 49, 4, 3),
(9885, 49, 4, 4),
(9886, 50, 1, 2),
(9887, 50, 1, 3),
(9888, 50, 3, 2),
(9889, 50, 3, 3),
(9890, 50, 5, 2),
(9891, 50, 5, 3),
(10348, 51, 1, 1),
(10349, 51, 1, 2),
(10350, 51, 1, 3),
(10351, 51, 1, 4),
(10352, 51, 1, 5),
(10353, 51, 1, 6),
(10354, 51, 1, 7),
(10355, 51, 1, 8),
(10356, 51, 2, 1),
(10357, 51, 2, 2),
(10358, 51, 2, 3),
(10359, 51, 2, 4),
(10360, 51, 2, 5),
(10361, 51, 2, 6),
(10362, 51, 2, 7),
(10363, 51, 2, 8),
(10364, 51, 3, 1),
(10365, 51, 3, 2),
(10366, 51, 3, 3),
(10367, 51, 3, 4),
(10368, 51, 3, 5),
(10369, 51, 3, 6),
(10370, 51, 3, 7),
(10371, 51, 3, 8),
(10372, 51, 4, 1),
(10373, 51, 4, 2),
(10374, 51, 4, 3),
(10375, 51, 4, 4),
(10376, 51, 4, 5),
(10377, 51, 4, 6),
(10378, 51, 4, 7),
(10379, 51, 4, 8),
(10380, 51, 5, 1),
(10381, 51, 5, 2),
(10382, 51, 5, 3),
(10383, 51, 5, 4),
(10384, 51, 5, 5),
(10385, 51, 5, 6),
(10386, 51, 5, 7),
(10387, 51, 5, 8),
(10415, 52, 1, 1),
(10416, 52, 1, 2),
(10417, 52, 1, 3),
(10418, 52, 1, 4),
(10419, 52, 1, 5),
(10420, 52, 1, 6),
(10421, 52, 1, 7),
(10422, 52, 1, 8),
(10423, 52, 1, 9),
(10424, 52, 2, 1),
(10425, 52, 2, 2),
(10426, 52, 2, 3),
(10427, 52, 2, 4),
(10428, 52, 2, 5),
(10429, 52, 2, 6),
(10430, 52, 2, 7),
(10431, 52, 2, 8),
(10432, 52, 2, 9),
(10433, 52, 3, 1),
(10434, 52, 3, 2),
(10435, 52, 3, 3),
(10436, 52, 3, 4),
(10437, 52, 3, 5),
(10438, 52, 3, 6),
(10439, 52, 3, 7),
(10440, 52, 3, 8),
(10441, 52, 3, 9),
(10442, 52, 4, 1),
(10443, 52, 4, 2),
(10444, 52, 4, 3),
(10445, 52, 4, 4),
(10446, 52, 4, 5),
(10447, 52, 4, 6),
(10448, 52, 4, 7),
(10449, 52, 4, 8),
(10450, 52, 5, 1),
(10451, 52, 5, 2),
(10452, 52, 5, 3),
(10453, 52, 5, 4),
(10454, 52, 5, 5),
(10455, 52, 5, 6),
(10456, 52, 5, 7),
(10457, 52, 5, 8),
(11044, 56, 1, 1),
(11045, 56, 1, 2),
(11046, 56, 1, 3),
(11047, 56, 1, 4),
(11048, 56, 1, 5),
(11049, 56, 1, 6),
(11050, 56, 2, 1),
(11051, 56, 2, 2),
(11052, 56, 2, 3),
(11053, 56, 2, 4),
(11054, 56, 2, 5),
(11055, 56, 2, 6),
(11056, 56, 3, 1),
(11057, 56, 3, 2),
(11058, 56, 3, 3),
(11059, 56, 3, 4),
(11060, 56, 3, 5),
(11061, 56, 3, 6),
(11062, 56, 4, 1),
(11063, 56, 4, 2),
(11064, 56, 4, 3),
(11065, 56, 4, 4),
(11066, 56, 4, 5),
(11067, 56, 4, 6),
(11068, 56, 5, 1),
(11069, 56, 5, 2),
(11070, 56, 5, 3),
(11071, 56, 5, 4),
(11072, 56, 5, 5),
(11073, 56, 5, 6),
(11194, 55, 1, 1),
(11195, 55, 1, 2),
(11196, 55, 1, 3),
(11197, 55, 1, 4),
(11198, 55, 1, 5),
(11199, 55, 1, 6),
(11200, 55, 2, 1),
(11201, 55, 2, 2),
(11202, 55, 2, 3),
(11203, 55, 2, 4),
(11204, 55, 2, 5),
(11205, 55, 2, 6),
(11206, 55, 3, 1),
(11207, 55, 3, 2),
(11208, 55, 3, 3),
(11209, 55, 3, 4),
(11210, 55, 3, 5),
(11211, 55, 3, 6),
(11212, 55, 4, 1),
(11213, 55, 4, 2),
(11214, 55, 4, 3),
(11215, 55, 4, 4),
(11216, 55, 4, 5),
(11217, 55, 4, 6),
(11218, 55, 5, 1),
(11219, 55, 5, 2),
(11220, 55, 5, 3),
(11221, 55, 5, 4),
(11222, 55, 5, 5),
(11223, 55, 5, 6),
(11224, 54, 1, 1),
(11225, 54, 1, 2),
(11226, 54, 1, 3),
(11227, 54, 1, 4),
(11228, 54, 1, 5),
(11229, 54, 1, 6),
(11230, 54, 2, 1),
(11231, 54, 2, 2),
(11232, 54, 2, 3),
(11233, 54, 2, 4),
(11234, 54, 2, 5),
(11235, 54, 2, 6),
(11236, 54, 3, 1),
(11237, 54, 3, 2),
(11238, 54, 3, 3),
(11239, 54, 3, 4),
(11240, 54, 3, 5),
(11241, 54, 3, 6),
(11242, 54, 4, 1),
(11243, 54, 4, 2),
(11244, 54, 4, 3),
(11245, 54, 4, 4),
(11246, 54, 4, 5),
(11247, 54, 4, 6),
(11248, 54, 5, 1),
(11249, 54, 5, 2),
(11250, 54, 5, 3),
(11251, 54, 5, 4),
(11252, 54, 5, 5),
(11253, 54, 5, 6),
(11254, 57, 1, 1),
(11255, 57, 1, 2),
(11256, 57, 1, 3),
(11257, 57, 1, 4),
(11258, 57, 1, 5),
(11259, 57, 1, 6),
(11260, 57, 2, 1),
(11261, 57, 2, 2),
(11262, 57, 2, 3),
(11263, 57, 2, 4),
(11264, 57, 2, 5),
(11265, 57, 2, 6),
(11266, 57, 3, 1),
(11267, 57, 3, 2),
(11268, 57, 3, 3),
(11269, 57, 3, 4),
(11270, 57, 3, 5),
(11271, 57, 3, 6),
(11272, 57, 4, 1),
(11273, 57, 4, 2),
(11274, 57, 4, 3),
(11275, 57, 4, 4),
(11276, 57, 4, 5),
(11277, 57, 4, 6),
(11278, 57, 5, 1),
(11279, 57, 5, 2),
(11280, 57, 5, 3),
(11281, 57, 5, 4),
(11282, 57, 5, 5),
(11283, 57, 5, 6),
(11284, 53, 1, 1),
(11285, 53, 1, 2),
(11286, 53, 1, 3),
(11287, 53, 1, 4),
(11288, 53, 1, 5),
(11289, 53, 1, 6),
(11290, 53, 2, 1),
(11291, 53, 2, 2),
(11292, 53, 2, 3),
(11293, 53, 2, 4),
(11294, 53, 2, 5),
(11295, 53, 2, 6),
(11296, 53, 3, 1),
(11297, 53, 3, 2),
(11298, 53, 3, 3),
(11299, 53, 3, 4),
(11300, 53, 3, 5),
(11301, 53, 3, 6),
(11302, 53, 4, 1),
(11303, 53, 4, 2),
(11304, 53, 4, 3),
(11305, 53, 4, 4),
(11306, 53, 4, 5),
(11307, 53, 4, 6),
(11308, 53, 5, 1),
(11309, 53, 5, 2),
(11310, 53, 5, 3),
(11311, 53, 5, 4),
(11312, 53, 5, 5),
(11313, 53, 5, 6),
(11314, 58, 1, 1),
(11315, 58, 1, 2),
(11316, 58, 1, 3),
(11317, 58, 1, 4),
(11318, 58, 1, 5),
(11319, 58, 1, 6),
(11320, 58, 2, 1),
(11321, 58, 2, 2),
(11322, 58, 2, 3),
(11323, 58, 2, 4),
(11324, 58, 2, 5),
(11325, 58, 2, 6),
(11452, 59, 1, 1),
(11453, 59, 1, 2),
(11454, 59, 1, 3),
(11455, 59, 1, 4),
(11456, 59, 1, 5),
(11457, 59, 1, 6),
(11458, 59, 1, 7),
(11459, 59, 1, 8),
(11460, 59, 1, 9),
(11461, 59, 2, 1),
(11462, 59, 2, 2),
(11463, 59, 2, 3),
(11464, 59, 2, 4),
(11465, 59, 2, 5),
(11466, 59, 2, 6),
(11467, 59, 2, 7),
(11468, 59, 2, 8),
(11469, 59, 2, 9),
(11470, 59, 3, 1),
(11471, 59, 3, 2),
(11472, 59, 3, 3),
(11473, 59, 3, 4),
(11474, 59, 3, 5),
(11475, 59, 3, 6),
(11476, 59, 3, 7),
(11477, 59, 3, 8),
(11478, 59, 3, 9),
(11479, 59, 4, 1),
(11480, 59, 4, 2),
(11481, 59, 4, 3),
(11482, 59, 4, 4),
(11483, 59, 4, 5),
(11484, 59, 4, 6),
(11485, 59, 4, 7),
(11486, 59, 4, 8),
(11487, 59, 4, 9),
(11488, 59, 5, 1),
(11489, 59, 5, 2),
(11490, 59, 5, 3),
(11491, 59, 5, 4),
(11492, 59, 5, 5),
(11493, 59, 5, 6);

-- --------------------------------------------------------

--
-- Estructura de tabla para la tabla `nivel`
--

DROP TABLE IF EXISTS `nivel`;
CREATE TABLE IF NOT EXISTS `nivel` (
  `id` int NOT NULL AUTO_INCREMENT,
  `glosa` varchar(125) CHARACTER SET utf8mb3 COLLATE utf8mb3_bin NOT NULL,
  PRIMARY KEY (`id`)
) ENGINE=InnoDB AUTO_INCREMENT=3 DEFAULT CHARSET=utf8mb3 COLLATE=utf8mb3_bin;

--
-- Volcado de datos para la tabla `nivel`
--

INSERT INTO `nivel` (`id`, `glosa`) VALUES
(1, 'Básica'),
(2, 'Media');

-- --------------------------------------------------------

--
-- Estructura de tabla para la tabla `plan_estudio`
--

DROP TABLE IF EXISTS `plan_estudio`;
CREATE TABLE IF NOT EXISTS `plan_estudio` (
  `id_curso` int NOT NULL,
  `id_asignatura` int NOT NULL,
  `horas` varchar(125) CHARACTER SET utf8mb3 COLLATE utf8mb3_bin NOT NULL,
  `id_profesor` int DEFAULT NULL COMMENT 'Profesor exclusivo para esta asignatura',
  PRIMARY KEY (`id_asignatura`,`id_curso`),
  KEY `fk_plan_estudio_curso1_idx` (`id_curso`),
  KEY `fk_plan_estudio_asignatura1_idx` (`id_asignatura`),
  KEY `fk_plan_estudio_profesor1_idx` (`id_profesor`)
) ENGINE=InnoDB DEFAULT CHARSET=utf8mb3 COLLATE=utf8mb3_bin;

--
-- Volcado de datos para la tabla `plan_estudio`
--

INSERT INTO `plan_estudio` (`id_curso`, `id_asignatura`, `horas`, `id_profesor`) VALUES
(41, 59, '8', NULL),
(44, 59, '3', NULL),
(45, 59, '8', NULL),
(40, 61, '0', NULL),
(41, 61, '5', NULL),
(44, 61, '4', NULL),
(45, 61, '4', NULL),
(37, 79, '8', NULL),
(49, 79, '6', NULL),
(50, 79, '6', NULL),
(51, 79, '2', NULL),
(53, 79, '6', 96),
(54, 79, '6', 97),
(55, 79, '6', 98),
(56, 79, '6', 98),
(57, 79, '6', 98),
(58, 79, '6', NULL),
(59, 79, '6', NULL),
(42, 80, '5', NULL),
(42, 81, '', NULL),
(51, 81, '6', NULL),
(53, 81, '2', 101),
(54, 81, '2', 101),
(55, 81, '2', 101),
(56, 81, '2', 101),
(57, 81, '2', 101),
(58, 81, '4', NULL),
(59, 81, '4', 114),
(47, 82, '4', NULL),
(49, 82, '4', NULL),
(37, 83, '2', NULL),
(49, 86, '2', NULL),
(49, 87, '2', NULL),
(37, 88, '', NULL),
(42, 88, '2', NULL),
(43, 88, '6', NULL),
(44, 88, '0', NULL),
(45, 88, '0', NULL),
(46, 88, '4', NULL),
(48, 88, '6', NULL),
(51, 88, '6', NULL),
(52, 88, '4', NULL),
(53, 88, '5', 96),
(54, 88, '5', 97),
(55, 88, '5', 100),
(56, 88, '5', 100),
(57, 88, '5', 100),
(47, 91, '3', NULL),
(49, 91, '2', NULL),
(43, 92, '6', NULL),
(48, 92, '6', NULL),
(53, 92, '2', 96),
(54, 92, '2', 97),
(55, 92, '2', 102),
(56, 92, '2', 102),
(57, 92, '2', 102),
(59, 92, '2', NULL),
(51, 93, '4', NULL),
(52, 93, '4', NULL),
(53, 93, '5', 96),
(54, 93, '5', 97),
(55, 93, '5', 99),
(56, 93, '5', 99),
(57, 93, '5', 99),
(53, 94, '6', 96),
(54, 94, '6', 97),
(55, 94, '6', 98),
(56, 94, '6', 100),
(57, 94, '6', 99),
(59, 94, '7', NULL),
(51, 95, '2', NULL),
(52, 95, '2', NULL),
(53, 95, '1', 101),
(54, 95, '1', 101),
(55, 95, '1', 98),
(56, 95, '1', 101),
(57, 95, '1', 99),
(59, 95, '2', NULL),
(53, 96, '1', 96),
(54, 96, '1', 97),
(55, 96, '1', 99),
(56, 96, '1', 99),
(57, 96, '1', 99),
(53, 97, '1', 102),
(54, 97, '1', 102),
(55, 97, '1', 102),
(56, 97, '1', 102),
(57, 97, '1', 102),
(59, 97, '2', NULL),
(53, 98, '1', 102),
(54, 98, '1', 100),
(55, 98, '1', 100),
(56, 98, '1', 100),
(57, 98, '1', 100),
(59, 99, '2', NULL),
(59, 100, '2', NULL),
(59, 101, '4', NULL),
(59, 102, '2', NULL),
(59, 103, '2', NULL),
(59, 104, '1', NULL),
(59, 105, '2', NULL),
(59, 106, '1', 115),
(59, 107, '1', 115),
(59, 108, '2', NULL);

-- --------------------------------------------------------

--
-- Estructura de tabla para la tabla `profesor`
--

DROP TABLE IF EXISTS `profesor`;
CREATE TABLE IF NOT EXISTS `profesor` (
  `id` int NOT NULL AUTO_INCREMENT,
  `timestamp` timestamp NOT NULL DEFAULT CURRENT_TIMESTAMP,
  `nombres` varchar(125) CHARACTER SET utf8mb3 COLLATE utf8mb3_bin NOT NULL,
  `apellidos` varchar(125) CHARACTER SET utf8mb3 COLLATE utf8mb3_bin NOT NULL,
  `horas_contrato` int DEFAULT NULL,
  `horas_aula` int DEFAULT NULL,
  `horas_no_lectivas` int DEFAULT NULL,
  `horas_permanencia` int DEFAULT NULL,
  `trabajo_tecnico` int DEFAULT NULL,
  `comentario` text CHARACTER SET utf8mb3 COLLATE utf8mb3_bin,
  PRIMARY KEY (`id`)
) ENGINE=InnoDB AUTO_INCREMENT=116 DEFAULT CHARSET=utf8mb3 COLLATE=utf8mb3_bin;

--
-- Volcado de datos para la tabla `profesor`
--

INSERT INTO `profesor` (`id`, `timestamp`, `nombres`, `apellidos`, `horas_contrato`, `horas_aula`, `horas_no_lectivas`, `horas_permanencia`, `trabajo_tecnico`, `comentario`) VALUES
(96, '2021-01-31 21:53:39', 'Estella ', 'Hernandez  ', 0, 0, 0, 0, 0, ''),
(97, '2021-01-31 21:54:01', 'Yesika ', 'Bedoya ', 0, 0, 0, 0, 0, ''),
(98, '2021-01-31 21:54:24', 'Bibiana ', 'Obando ', 0, 0, 0, 0, 0, ''),
(99, '2021-01-31 21:54:37', 'Patricia', 'Quintero', 0, 0, 0, 0, 0, ''),
(100, '2021-01-31 21:55:03', 'Ana Rosaura ', 'Rodriguez', 0, 0, 0, 0, 0, ''),
(101, '2021-01-31 21:55:33', 'Davi Araly ', 'Garces', 0, 0, 0, 0, 0, ''),
(102, '2021-01-31 21:55:56', 'Andres Felipe ', 'Rocha Diaz ', 0, 0, 0, 0, 0, ''),
(105, '2021-12-27 22:12:20', 'Claudia', 'Martínez', 0, 0, 0, 0, 0, ''),
(106, '2021-12-27 22:13:49', 'Lucas', 'Toledo', 0, 0, 0, 0, 0, ''),
(107, '2021-12-28 17:34:16', 'Alberto', 'Zepeda', 0, 0, 0, 0, 0, ''),
(108, '2021-12-28 17:35:13', 'Sofía', 'Saez', 0, 0, 0, 0, 0, ''),
(109, '2021-12-28 17:36:30', 'Rodolfo', 'Reyes', 0, 0, 0, 0, 0, ''),
(110, '2021-12-28 17:37:31', 'Arturo', 'Huerta', 0, 0, 0, 0, 0, ''),
(111, '2021-12-28 17:38:04', 'Julián', 'Rojas', 0, 0, 0, 0, 0, ''),
(112, '2021-12-28 17:39:56', 'Julia', 'Mesa', 0, 0, 0, 0, 0, ''),
(113, '2021-12-28 17:41:19', 'Erika', 'Marín', 0, 0, 0, 0, 0, ''),
(114, '2021-12-28 17:48:32', 'Humberto', 'Mesa', 0, 0, 0, 0, 0, ''),
(115, '2021-12-28 17:49:27', 'Anita', 'Perez', 0, 0, 0, 0, 0, '');

-- --------------------------------------------------------

--
-- Estructura Stand-in para la vista `profesores_disponibles`
-- (Véase abajo para la vista actual)
--
DROP VIEW IF EXISTS `profesores_disponibles`;
CREATE TABLE IF NOT EXISTS `profesores_disponibles` (
`id_profesor` int
,`id_dia` int
,`id_bloque` int
);

-- --------------------------------------------------------

--
-- Estructura de tabla para la tabla `profesor_has_asignatura`
--

DROP TABLE IF EXISTS `profesor_has_asignatura`;
CREATE TABLE IF NOT EXISTS `profesor_has_asignatura` (
  `id_profesor` int NOT NULL,
  `id_asignatura` int NOT NULL,
  PRIMARY KEY (`id_profesor`,`id_asignatura`),
  KEY `fk_profesor_has_asignatura_asignatura1_idx` (`id_asignatura`),
  KEY `fk_profesor_has_asignatura_profesor1_idx` (`id_profesor`)
) ENGINE=InnoDB DEFAULT CHARSET=utf8mb3 COLLATE=utf8mb3_bin;

--
-- Volcado de datos para la tabla `profesor_has_asignatura`
--

INSERT INTO `profesor_has_asignatura` (`id_profesor`, `id_asignatura`) VALUES
(96, 79),
(97, 79),
(98, 79),
(104, 79),
(101, 81),
(103, 81),
(108, 81),
(114, 81),
(96, 88),
(97, 88),
(100, 88),
(96, 92),
(97, 92),
(102, 92),
(96, 93),
(97, 93),
(99, 93),
(96, 94),
(97, 94),
(99, 94),
(100, 94),
(105, 94),
(96, 95),
(97, 95),
(99, 95),
(101, 95),
(96, 96),
(97, 96),
(99, 96),
(102, 97),
(97, 98),
(100, 98),
(102, 98),
(106, 99),
(107, 100),
(110, 101),
(109, 102),
(111, 103),
(98, 104),
(113, 105),
(112, 106),
(115, 106),
(112, 107),
(115, 107),
(112, 108);

-- --------------------------------------------------------

--
-- Estructura de tabla para la tabla `profesor_has_curso`
--

DROP TABLE IF EXISTS `profesor_has_curso`;
CREATE TABLE IF NOT EXISTS `profesor_has_curso` (
  `id_profesor` int NOT NULL,
  `id_curso` int NOT NULL,
  PRIMARY KEY (`id_profesor`,`id_curso`),
  KEY `fk_profesor_has_curso_curso1_idx` (`id_curso`),
  KEY `fk_profesor_has_curso_profesor1_idx` (`id_profesor`)
) ENGINE=InnoDB DEFAULT CHARSET=utf8mb3 COLLATE=utf8mb3_bin;

--
-- Volcado de datos para la tabla `profesor_has_curso`
--

INSERT INTO `profesor_has_curso` (`id_profesor`, `id_curso`) VALUES
(96, 53),
(101, 53),
(102, 53),
(97, 54),
(100, 54),
(101, 54),
(102, 54),
(98, 55),
(99, 55),
(100, 55),
(101, 55),
(102, 55),
(99, 56),
(100, 56),
(98, 57),
(99, 57),
(100, 57),
(101, 57),
(102, 57),
(103, 58),
(104, 58),
(98, 59),
(101, 59),
(102, 59),
(105, 59),
(106, 59),
(107, 59),
(108, 59),
(109, 59),
(110, 59),
(111, 59),
(112, 59),
(113, 59),
(114, 59),
(115, 59);

-- --------------------------------------------------------

--
-- Estructura de tabla para la tabla `tipo_bloque`
--

DROP TABLE IF EXISTS `tipo_bloque`;
CREATE TABLE IF NOT EXISTS `tipo_bloque` (
  `id` int NOT NULL AUTO_INCREMENT,
  `glosa` varchar(125) CHARACTER SET utf8mb3 COLLATE utf8mb3_bin NOT NULL,
  PRIMARY KEY (`id`)
) ENGINE=InnoDB AUTO_INCREMENT=3 DEFAULT CHARSET=utf8mb3 COLLATE=utf8mb3_bin;

--
-- Volcado de datos para la tabla `tipo_bloque`
--

INSERT INTO `tipo_bloque` (`id`, `glosa`) VALUES
(1, 'bloque'),
(2, 'recreo');

-- --------------------------------------------------------

--
-- Estructura para la vista `profesores_disponibles`
--
DROP TABLE IF EXISTS `profesores_disponibles`;

DROP VIEW IF EXISTS `profesores_disponibles`;
CREATE ALGORITHM=UNDEFINED DEFINER=`root`@`localhost` SQL SECURITY DEFINER VIEW `profesores_disponibles`  AS SELECT `db`.`id_profesor` AS `id_profesor`, `db`.`id_dia` AS `id_dia`, `db`.`id_bloque` AS `id_bloque` FROM (`disponibilidad_bloques` `db` left join `horarios` `h` on(((`db`.`id_profesor` = `h`.`id_profesor`) and (`db`.`id_dia` = `h`.`id_dia`) and (`db`.`id_bloque` = `h`.`id_bloque`)))) WHERE (`h`.`id` is null)  ;
COMMIT;

/*!40101 SET CHARACTER_SET_CLIENT=@OLD_CHARACTER_SET_CLIENT */;
/*!40101 SET CHARACTER_SET_RESULTS=@OLD_CHARACTER_SET_RESULTS */;
/*!40101 SET COLLATION_CONNECTION=@OLD_COLLATION_CONNECTION */;
